page_url,page_title,product_name,visit_website_url
https://www.producthunt.com/products/clickup,ClickUp: An all-in-one productivity platform | Product Hunt,ClickUp,https://try.web.clickup.com/n7wcvo9vy3xz-mtoru?ref=producthunt
https://www.producthunt.com/products/1security-ai,,We seem to have lost this page,
https://www.producthunt.com/products/adviser-ai,,We seem to have lost this page,
https://www.producthunt.com/products/agentim-ai,,We seem to have lost this page,
https://www.producthunt.com/products/alcatraz-ai,,We seem to have lost this page,
https://www.producthunt.com/products/allears-ai,,We seem to have lost this page,
https://www.producthunt.com/products/analog-com-ai,,We seem to have lost this page,
https://www.producthunt.com/products/anothermind-ai,,We seem to have lost this page,
https://www.producthunt.com/products/artflow-ai,,We seem to have lost this page,
https://www.producthunt.com/products/askjo-ai,,We seem to have lost this page,
https://www.producthunt.com/products/askr-ai,askR.ai: Chat with your data ! 1st bot of Business Intelligence | Product Hunt,askR.ai,https://en.askr.ai/?ref=producthunt
https://www.producthunt.com/products/assembo-ai,,We seem to have lost this page,
https://www.producthunt.com/products/atheros-ai,,We seem to have lost this page,
https://www.producthunt.com/products/bahasa-ai,,We seem to have lost this page,
https://www.producthunt.com/products/bedc-ai,,We seem to have lost this page,
https://www.producthunt.com/products/brandmentality-ai,,We seem to have lost this page,
https://www.producthunt.com/products/camcorder-ai,,We seem to have lost this page,
https://www.producthunt.com/products/codemaker-ai,CodeMaker AI: AI augmented software development | Product Hunt,CodeMaker AI,https://codemaker.ai/?ref=producthunt
https://www.producthunt.com/products/connectingyounow-ai,,We seem to have lost this page,
https://www.producthunt.com/products/contea-ai,,We seem to have lost this page,
https://www.producthunt.com/products/darwinz-ai,,We seem to have lost this page,
https://www.producthunt.com/products/dataq-ai,,We seem to have lost this page,
https://www.producthunt.com/products/deal-ai,,We seem to have lost this page,
https://www.producthunt.com/products/deepwall-ai,,We seem to have lost this page,
https://www.producthunt.com/products/dentall-ai,,We seem to have lost this page,
https://www.producthunt.com/products/designpro-ai,,We seem to have lost this page,
https://www.producthunt.com/products/dopple-ai,,We seem to have lost this page,
https://www.producthunt.com/products/dry-ai,,We seem to have lost this page,
https://www.producthunt.com/products/elis-ai,,We seem to have lost this page,
https://www.producthunt.com/products/entr-ai,,We seem to have lost this page,
https://www.producthunt.com/products/everwise-ai,,We seem to have lost this page,
https://www.producthunt.com/products/examprep-ai,,We seem to have lost this page,
https://www.producthunt.com/products/exation-ai,,We seem to have lost this page,
https://www.producthunt.com/products/fabbler-ai,,We seem to have lost this page,
https://www.producthunt.com/products/filbert-ai,,We seem to have lost this page,
https://www.producthunt.com/products/fold-ai,,We seem to have lost this page,
https://www.producthunt.com/products/foody-ai,,We seem to have lost this page,
https://www.producthunt.com/products/frameofmind-ai,,We seem to have lost this page,
https://www.producthunt.com/products/gastronaut-ai,,We seem to have lost this page,
https://www.producthunt.com/products/gatekeep-ai,,We seem to have lost this page,
https://www.producthunt.com/products/genesislab-ai,,We seem to have lost this page,
https://www.producthunt.com/products/gethitch-ai,,We seem to have lost this page,
https://www.producthunt.com/products/goghr-ai,,We seem to have lost this page,
https://www.producthunt.com/products/got-it-ai,,We seem to have lost this page,
https://www.producthunt.com/products/gymii-ai,,We seem to have lost this page,
https://www.producthunt.com/products/halo-com-ai,,We seem to have lost this page,
https://www.producthunt.com/products/handshakes-ai,,We seem to have lost this page,
https://www.producthunt.com/products/herculex-ai,,We seem to have lost this page,
https://www.producthunt.com/products/hoji-ai,Hoji AI: Automated AI Code Reviewer | Product Hunt,Hoji AI,https://hoji.ai/?ref=producthunt
https://www.producthunt.com/products/holos-ai,,We seem to have lost this page,
https://www.producthunt.com/products/i2u-ai,,We seem to have lost this page,
https://www.producthunt.com/products/immersivequest-ai,,We seem to have lost this page,
https://www.producthunt.com/products/inicio-ai,,We seem to have lost this page,
https://www.producthunt.com/products/jenny-com-ai,,We seem to have lost this page,
https://www.producthunt.com/products/kaizen-com-ai,,We seem to have lost this page,
https://www.producthunt.com/products/kibo-ai,,We seem to have lost this page,
https://www.producthunt.com/products/kooick-ai,,We seem to have lost this page,
https://www.producthunt.com/products/kuze-ai,,We seem to have lost this page,
https://www.producthunt.com/products/kwame-ai,,We seem to have lost this page,
https://www.producthunt.com/products/kythera-ai,,We seem to have lost this page,
https://www.producthunt.com/products/largo-ai,,We seem to have lost this page,
https://www.producthunt.com/products/leeearn-ai,,We seem to have lost this page,
https://www.producthunt.com/products/life-xcela-ai,,We seem to have lost this page,
https://www.producthunt.com/products/maieutics-ai,,We seem to have lost this page,
https://www.producthunt.com/products/mamc-gov-org-ai,,We seem to have lost this page,
https://www.producthunt.com/products/medroid-ai,,We seem to have lost this page,
https://www.producthunt.com/products/metarank-ai,,We seem to have lost this page,
https://www.producthunt.com/products/nettle-ai,,We seem to have lost this page,
https://www.producthunt.com/products/nummi-ai,,We seem to have lost this page,
https://www.producthunt.com/products/nuvie-ai,,We seem to have lost this page,
https://www.producthunt.com/products/patchs-ai,,We seem to have lost this page,
https://www.producthunt.com/products/pfund-ai,,We seem to have lost this page,
https://www.producthunt.com/products/pixverse-ai,Pixverse AI : Pixverse AI - Free AI Video Generation Tool | Product Hunt,Pixverse AI,https://www.pixverseai.org/?ref=producthunt
https://www.producthunt.com/products/praxium-ai,,We seem to have lost this page,
https://www.producthunt.com/products/proem-ai,,We seem to have lost this page,
https://www.producthunt.com/products/proxzar-ai,,We seem to have lost this page,
https://www.producthunt.com/products/pytho-ai,,We seem to have lost this page,
https://www.producthunt.com/products/qed-ai,,We seem to have lost this page,
https://www.producthunt.com/products/realsee-ai,,We seem to have lost this page,
https://www.producthunt.com/products/recruitinn-ai,Recruitinn.ai: Revolutionize Your Hiring with us | Product Hunt,Recruitinn.ai,https://app.recruitinn.ai/?ref=producthunt
https://www.producthunt.com/products/rescript-ai,,We seem to have lost this page,
https://www.producthunt.com/products/revrr-ai,,We seem to have lost this page,
https://www.producthunt.com/products/rili-ai,,We seem to have lost this page,
https://www.producthunt.com/products/sarana-ai,,We seem to have lost this page,
https://www.producthunt.com/products/shreds-ai,,We seem to have lost this page,
https://www.producthunt.com/products/simpfi-ai,,We seem to have lost this page,
https://www.producthunt.com/products/smartrunners-ai,,We seem to have lost this page,
https://www.producthunt.com/products/suppixel-ai,SupPixel AI: Revolutionizing Image Processing with Unmatched AI Precision | Product Hunt,SupPixel AI,https://suppixel.ai/?ref=producthunt
https://www.producthunt.com/products/surudo-ai,,We seem to have lost this page,
https://www.producthunt.com/products/talently-ai,"Talently.ai: Search, match and hire expert remote software developers | Product Hunt",Talently.ai,https://talently.ai/?ref=producthunt
https://www.producthunt.com/products/terran-ai,,We seem to have lost this page,
https://www.producthunt.com/products/theboost-ai,,We seem to have lost this page,
https://www.producthunt.com/products/thestage-ai,,We seem to have lost this page,
https://www.producthunt.com/products/triangl-ai,,We seem to have lost this page,
https://www.producthunt.com/products/triform-ai,,We seem to have lost this page,
https://www.producthunt.com/products/ubex-ai,,We seem to have lost this page,
https://www.producthunt.com/products/vizuara-ai,,We seem to have lost this page,
https://www.producthunt.com/products/wegpt-ai,,We seem to have lost this page,
https://www.producthunt.com/products/xeus-ai,,We seem to have lost this page,
https://www.producthunt.com/products/axonx-ai,,We seem to have lost this page,
